{"cameraMode":{"drawMode":0,"name":"Shaded","section":"Shading Mode"},"sceneLighting":true,"audioPlay":false,"sceneViewState":{"showFog":true,"showMaterialUpdate":false,"showSkybox":true,"showFlares":true,"showImageEffects":true,"showParticleSystems":true},"in2DMode":false,"pivot":{"x":-16.3725528717041,"y":18.21294403076172,"z":107.58956146240235},"rotation":{"x":-0.03189866244792938,"y":0.8469322323799133,"z":-0.05114027485251427,"w":-0.5282736420631409},"size":86.43669128417969,"orthographic":false}