{"cameraMode":{"drawMode":0,"name":"Shaded","section":"Shading Mode"},"sceneLighting":false,"audioPlay":false,"sceneViewState":{"showFog":true,"showMaterialUpdate":true,"showSkybox":false,"showFlares":true,"showImageEffects":true,"showParticleSystems":true},"in2DMode":false,"pivot":{"x":-252.68719482421876,"y":-4.9935760498046879,"z":-118.3681640625},"rotation":{"x":0.02853279933333397,"y":-0.9409940242767334,"z":0.08209334313869477,"w":0.3270730972290039},"size":1290.2470703125,"orthographic":false}