{"cameraMode":{"drawMode":0,"name":"Shaded","section":"Shading Mode"},"sceneLighting":false,"audioPlay":false,"sceneViewState":{"showFog":true,"showMaterialUpdate":false,"showSkybox":false,"showFlares":true,"showImageEffects":true,"showParticleSystems":true},"in2DMode":false,"pivot":{"x":-11.761676788330079,"y":18.81251335144043,"z":18.932445526123048},"rotation":{"x":0.018424004316329957,"y":-0.9809793829917908,"z":0.11829957365989685,"w":0.15279151499271394},"size":2.8578836917877199,"orthographic":false}