{"cameraMode":{"drawMode":0,"name":"Shaded","section":"Shading Mode"},"sceneLighting":true,"audioPlay":false,"sceneViewState":{"showFog":true,"showMaterialUpdate":true,"showSkybox":true,"showFlares":true,"showImageEffects":true,"showParticleSystems":true},"in2DMode":false,"pivot":{"x":118.37156677246094,"y":126.74813842773438,"z":-114.4552230834961},"rotation":{"x":-0.0016687825554981828,"y":-0.9960339069366455,"z":0.0868775025010109,"w":-0.01912989653646946},"size":132.79164123535157,"orthographic":false}