{"cameraMode":{"drawMode":0,"name":"Shaded","section":"Shading Mode"},"sceneLighting":true,"audioPlay":false,"sceneViewState":{"showFog":true,"showMaterialUpdate":true,"showSkybox":true,"showFlares":true,"showImageEffects":true,"showParticleSystems":true},"in2DMode":false,"pivot":{"x":7.818016052246094,"y":-78.00740051269531,"z":-125.41192626953125},"rotation":{"x":-0.03646097704768181,"y":-0.9494155645370483,"z":0.12029210478067398,"w":-0.28776824474334719},"size":207.66030883789063,"orthographic":false}